"Variable / Field Name","Form Name","Section Header","Field Type","Field Label","Choices, Calculations, OR Slider Labels","Field Note","Text Validation Type OR Show Slider Number","Text Validation Min","Text Validation Max",Identifier?,"Branching Logic (Show field only if...)","Required Field?","Custom Alignment","Question Number (surveys only)","Matrix Group Name","Matrix Ranking?","Field Annotation"
physical_size,pr2mask,,text,"Physical size",,,,,,,,,,,,,
region_number,pr2mask,,text,"Region number",,,,,,,,,,,,,
boundingbox,pr2mask,,text,"Bounding box information for the regions of interest",,,,,,,,,,,,,
principal_axes,pr2mask,,text,"Principal axes",,,,,,,,,,,,,
centroid,pr2mask,,text,Centroid,,,,,,,,,,,,,
elongation,pr2mask,,text,Elongation,,,,,,,,,,,,,
flatness,pr2mask,,text,Flatness,,,,,,,,,,,,,
roundness,pr2mask,,text,Roundness,,,,,,,,,,,,,
perimeter,pr2mask,,text,Perimeter,,,,,,,,,,,,,
feret_diameter,pr2mask,,text,"Feret diameter",,,,,,,,,,,,,
number_of_pixel,pr2mask,,text,"Number of pixel",,,,,,,,,,,,,
image_intensity_max,pr2mask,,text,"Image intensity maximum",,,,,,,,,,,,,
image_intensity_min,pr2mask,,text,"Image intensity minimum",,,,,,,,,,,,,
image_intensity_mean,pr2mask,,text,"Image intensity mean",,,,,,,,,,,,,
image_intensity_median,pr2mask,,text,"Image intensity median",,,,,,,,,,,,,
image_intensity_stdev,pr2mask,,text,"Image intensity standard deviation",,,,,,,,,,,,,
image_intensity_sum,pr2mask,,text,"Sum of image intensities",,,,,,,,,,,,,
image_intensity_q1,pr2mask,,text,"Image intensity Q1",,,,,,,,,,,,,
image_intensity_q3,pr2mask,,text,"Image intensity Q3",,,,,,,,,,,,,
equivalent_spherical_radius,pr2mask,,text,"Equivalent spherical radius",,,,,,,,,,,,,
equivalent_elliptical_radius,pr2mask,,text,"Equivalent elliptical radius",,,,,,,,,,,,,
equivalent_spherical_perimeter,pr2mask,,text,"Equivalent spherical perimeter",,,,,,,,,,,,,
equivalent_ellipsoid_diameter,pr2mask,,text,"Equivalent ellipsoid diameter",,,,,,,,,,,,,
pixel_on_border,pr2mask,,text,"Pixel on border",,,,,,,,,,,,,
principal_moments,pr2mask,,text,"Principal moments",,,,,,,,,,,,,
perimeter_on_border,pr2mask,,text,"Perimeter on border",,,,,,,,,,,,,
perimeter_on_border_ratio,pr2mask,,text,"Perimeter on border ratio",,,,,,,,,,,,,
tex_cluster_prominence_00,pr2mask,,text,"Texture cluster prominence 0",,,,,,,,,,,,,
tex_cluster_prominence_01,pr2mask,,text,"Texture cluster prominence 1",,,,,,,,,,,,,
tex_cluster_prominence_02,pr2mask,,text,"Texture cluster prominence 2",,,,,,,,,,,,,
tex_cluster_prominence_03,pr2mask,,text,"Texture cluster prominence 3",,,,,,,,,,,,,
tex_cluster_prominence_04,pr2mask,,text,"Texture cluster prominence 4",,,,,,,,,,,,,
tex_cluster_prominence_05,pr2mask,,text,"Texture cluster prominence 5",,,,,,,,,,,,,
tex_cluster_prominence_06,pr2mask,,text,"Texture cluster prominence 6",,,,,,,,,,,,,
tex_cluster_prominence_07,pr2mask,,text,"Texture cluster prominence 7",,,,,,,,,,,,,
tex_cluster_prominence_08,pr2mask,,text,"Texture cluster prominence 8",,,,,,,,,,,,,
tex_cluster_prominence_09,pr2mask,,text,"Texture cluster prominence 9",,,,,,,,,,,,,
tex_cluster_prominence_10,pr2mask,,text,"Texture cluster prominence 10",,,,,,,,,,,,,
tex_cluster_prominence_11,pr2mask,,text,"Texture cluster prominence 11",,,,,,,,,,,,,
tex_cluster_prominence_12,pr2mask,,text,"Texture cluster prominence 12",,,,,,,,,,,,,
tex_cluster_shade_00,pr2mask,,text,"Texture cluster shade 0",,,,,,,,,,,,,
tex_cluster_shade_01,pr2mask,,text,"Texture cluster shade 1",,,,,,,,,,,,,
tex_cluster_shade_02,pr2mask,,text,"Texture cluster shade 2",,,,,,,,,,,,,
tex_cluster_shade_03,pr2mask,,text,"Texture cluster shade 3",,,,,,,,,,,,,
tex_cluster_shade_04,pr2mask,,text,"Texture cluster shade 4",,,,,,,,,,,,,
tex_cluster_shade_05,pr2mask,,text,"Texture cluster shade 5",,,,,,,,,,,,,
tex_cluster_shade_06,pr2mask,,text,"Texture cluster shade 6",,,,,,,,,,,,,
tex_cluster_shade_07,pr2mask,,text,"Texture cluster shade 7",,,,,,,,,,,,,
tex_cluster_shade_08,pr2mask,,text,"Texture cluster shade 8",,,,,,,,,,,,,
tex_cluster_shade_09,pr2mask,,text,"Texture cluster shade 9",,,,,,,,,,,,,
tex_cluster_shade_10,pr2mask,,text,"Texture cluster shade 10",,,,,,,,,,,,,
tex_cluster_shade_11,pr2mask,,text,"Texture cluster shade 11",,,,,,,,,,,,,
tex_cluster_shade_12,pr2mask,,text,"Texture cluster shade 12",,,,,,,,,,,,,
tex_correlation_00,pr2mask,,text,"Texture correlation 0",,,,,,,,,,,,,
tex_correlation_01,pr2mask,,text,"Texture correlation 1",,,,,,,,,,,,,
tex_correlation_02,pr2mask,,text,"Texture correlation 2",,,,,,,,,,,,,
tex_correlation_03,pr2mask,,text,"Texture correlation 3",,,,,,,,,,,,,
tex_correlation_04,pr2mask,,text,"Texture correlation 4",,,,,,,,,,,,,
tex_correlation_05,pr2mask,,text,"Texture correlation 5",,,,,,,,,,,,,
tex_correlation_06,pr2mask,,text,"Texture correlation 6",,,,,,,,,,,,,
tex_correlation_07,pr2mask,,text,"Texture correlation 7",,,,,,,,,,,,,
tex_correlation_08,pr2mask,,text,"Texture correlation 8",,,,,,,,,,,,,
tex_correlation_09,pr2mask,,text,"Texture correlation 9",,,,,,,,,,,,,
tex_correlation_10,pr2mask,,text,"Texture correlation 10",,,,,,,,,,,,,
tex_correlation_11,pr2mask,,text,"Texture correlation 11",,,,,,,,,,,,,
tex_correlation_12,pr2mask,,text,"Texture correlation 12",,,,,,,,,,,,,
tex_energy_00,pr2mask,,text,"Texture energy 0",,,,,,,,,,,,,
tex_energy_01,pr2mask,,text,"Texture energy 1",,,,,,,,,,,,,
tex_energy_02,pr2mask,,text,"Texture energy 2",,,,,,,,,,,,,
tex_energy_03,pr2mask,,text,"Texture energy 3",,,,,,,,,,,,,
tex_energy_04,pr2mask,,text,"Texture energy 4",,,,,,,,,,,,,
tex_energy_05,pr2mask,,text,"Texture energy 5",,,,,,,,,,,,,
tex_energy_06,pr2mask,,text,"Texture energy 6",,,,,,,,,,,,,
tex_energy_07,pr2mask,,text,"Texture energy 7",,,,,,,,,,,,,
tex_energy_08,pr2mask,,text,"Texture energy 8",,,,,,,,,,,,,
tex_energy_09,pr2mask,,text,"Texture energy 9",,,,,,,,,,,,,
tex_energy_10,pr2mask,,text,"Texture energy 10",,,,,,,,,,,,,
tex_energy_11,pr2mask,,text,"Texture energy 11",,,,,,,,,,,,,
tex_energy_12,pr2mask,,text,"Texture energy 12",,,,,,,,,,,,,
tex_entropy_00,pr2mask,,text,"Texture entropy 0",,,,,,,,,,,,,
tex_entropy_01,pr2mask,,text,"Texture entropy 1",,,,,,,,,,,,,
tex_entropy_02,pr2mask,,text,"Texture entropy 2",,,,,,,,,,,,,
tex_entropy_03,pr2mask,,text,"Texture entropy 3",,,,,,,,,,,,,
tex_entropy_04,pr2mask,,text,"Texture entropy 4",,,,,,,,,,,,,
tex_entropy_05,pr2mask,,text,"Texture entropy 5",,,,,,,,,,,,,
tex_entropy_06,pr2mask,,text,"Texture entropy 6",,,,,,,,,,,,,
tex_entropy_07,pr2mask,,text,"Texture entropy 7",,,,,,,,,,,,,
tex_entropy_08,pr2mask,,text,"Texture entropy 8",,,,,,,,,,,,,
tex_entropy_09,pr2mask,,text,"Texture entropy 9",,,,,,,,,,,,,
tex_entropy_10,pr2mask,,text,"Texture entropy 10",,,,,,,,,,,,,
tex_entropy_11,pr2mask,,text,"Texture entropy 11",,,,,,,,,,,,,
tex_entropy_12,pr2mask,,text,"Texture entropy 12",,,,,,,,,,,,,
tex_haralick_correlation_00,pr2mask,,text,"Texture Haralick correlation 0",,,,,,,,,,,,,
tex_haralick_correlation_01,pr2mask,,text,"Texture Haralick correlation 1",,,,,,,,,,,,,
tex_haralick_correlation_02,pr2mask,,text,"Texture Haralick correlation 2",,,,,,,,,,,,,
tex_haralick_correlation_03,pr2mask,,text,"Texture Haralick correlation 3",,,,,,,,,,,,,
tex_haralick_correlation_04,pr2mask,,text,"Texture Haralick correlation 4",,,,,,,,,,,,,
tex_haralick_correlation_05,pr2mask,,text,"Texture Haralick correlation 5",,,,,,,,,,,,,
tex_haralick_correlation_06,pr2mask,,text,"Texture Haralick correlation 6",,,,,,,,,,,,,
tex_haralick_correlation_07,pr2mask,,text,"Texture Haralick correlation 7",,,,,,,,,,,,,
tex_haralick_correlation_08,pr2mask,,text,"Texture Haralick correlation 8",,,,,,,,,,,,,
tex_haralick_correlation_09,pr2mask,,text,"Texture Haralick correlation 9",,,,,,,,,,,,,
tex_haralick_correlation_10,pr2mask,,text,"Texture Haralick correlation 10",,,,,,,,,,,,,
tex_haralick_correlation_11,pr2mask,,text,"Texture Haralick correlation 11",,,,,,,,,,,,,
tex_haralick_correlation_12,pr2mask,,text,"Texture Haralick correlation 12",,,,,,,,,,,,,
tex_inertia_00,pr2mask,,text,"Texture inertia 0",,,,,,,,,,,,,
tex_inertia_01,pr2mask,,text,"Texture inertia 1",,,,,,,,,,,,,
tex_inertia_02,pr2mask,,text,"Texture inertia 2",,,,,,,,,,,,,
tex_inertia_03,pr2mask,,text,"Texture inertia 3",,,,,,,,,,,,,
tex_inertia_04,pr2mask,,text,"Texture inertia 4",,,,,,,,,,,,,
tex_inertia_05,pr2mask,,text,"Texture inertia 5",,,,,,,,,,,,,
tex_inertia_06,pr2mask,,text,"Texture inertia 6",,,,,,,,,,,,,
tex_inertia_07,pr2mask,,text,"Texture inertia 7",,,,,,,,,,,,,
tex_inertia_08,pr2mask,,text,"Texture inertia 8",,,,,,,,,,,,,
tex_inertia_09,pr2mask,,text,"Texture inertia 9",,,,,,,,,,,,,
tex_inertia_10,pr2mask,,text,"Texture inertia 10",,,,,,,,,,,,,
tex_inertia_11,pr2mask,,text,"Texture inertia 11",,,,,,,,,,,,,
tex_inertia_12,pr2mask,,text,"Texture inertia 12",,,,,,,,,,,,,
tex_inverse_difference_moment_00,pr2mask,,text,"Texture inverse difference moment 0",,,,,,,,,,,,,
tex_inverse_difference_moment_01,pr2mask,,text,"Texture inverse difference moment 1",,,,,,,,,,,,,
tex_inverse_difference_moment_02,pr2mask,,text,"Texture inverse difference moment 2",,,,,,,,,,,,,
tex_inverse_difference_moment_03,pr2mask,,text,"Texture inverse difference moment 3",,,,,,,,,,,,,
tex_inverse_difference_moment_04,pr2mask,,text,"Texture inverse difference moment 4",,,,,,,,,,,,,
tex_inverse_difference_moment_05,pr2mask,,text,"Texture inverse difference moment 5",,,,,,,,,,,,,
tex_inverse_difference_moment_06,pr2mask,,text,"Texture inverse difference moment 6",,,,,,,,,,,,,
tex_inverse_difference_moment_07,pr2mask,,text,"Texture inverse difference moment 7",,,,,,,,,,,,,
tex_inverse_difference_moment_08,pr2mask,,text,"Texture inverse difference moment 8",,,,,,,,,,,,,
tex_inverse_difference_moment_09,pr2mask,,text,"Texture inverse difference moment 9",,,,,,,,,,,,,
tex_inverse_difference_moment_10,pr2mask,,text,"Texture inverse difference moment 10",,,,,,,,,,,,,
tex_inverse_difference_moment_11,pr2mask,,text,"Texture inverse difference moment 11",,,,,,,,,,,,,
tex_inverse_difference_moment_12,pr2mask,,text,"Texture inverse difference moment 12",,,,,,,,,,,,,
